rank,player_name,team,position,games,win_pct_disp,td_int_disp,passing_tds,passer_rating,rushing_tds,total_tds,pass_ypg,rushing_yards,rush_ypg,total_yards,prob_disp,headshot_url,headshot_url,team_logo_url
1,Drake Maye,NE,QB,16.0,81%,3.75,30,112.9,4,34.0,262.7,409,25.6,4614,100%,"https://static.www.nfl.com/image/upload/f_auto,q_auto/league/oyap81gtzcvnfmripis1","https://static.www.nfl.com/image/upload/f_auto,q_auto/league/oyap81gtzcvnfmripis1",https://jeffwarr4.github.io/nfl-awards-predictor/assets/logos/NE.png
2,Josh Allen,BUF,QB,16.0,69%,2.5,25,102.2,14,39.0,229.2,579,36.2,4247,99%,"https://static.www.nfl.com/image/upload/f_auto,q_auto/league/servs1fpsynfxep4rz2z","https://static.www.nfl.com/image/upload/f_auto,q_auto/league/servs1fpsynfxep4rz2z",https://jeffwarr4.github.io/nfl-awards-predictor/assets/logos/BUF.png
3,Jordan Love,GB,QB,15.0,56%,3.83,23,101.2,0,23.0,225.4,199,13.3,3580,73%,"https://static.www.nfl.com/image/upload/f_auto,q_auto/league/uneiwen9drvci9ahuebp","https://static.www.nfl.com/image/upload/f_auto,q_auto/league/uneiwen9drvci9ahuebp",https://jeffwarr4.github.io/nfl-awards-predictor/assets/logos/GB.png
4,Jonathan Taylor,IND,RB,16.0,50%,0.0,0,0.0,18,20.0,0.0,1559,97.4,1924,62%,"https://static.www.nfl.com/image/upload/f_auto,q_auto/league/uwmnrhwtwug0wrgkomjk","https://static.www.nfl.com/image/upload/f_auto,q_auto/league/uwmnrhwtwug0wrgkomjk",https://jeffwarr4.github.io/nfl-awards-predictor/assets/logos/IND.png
5,Brock Purdy,SF,QB,8.0,75%,2.22,20,104.2,3,23.0,255.0,126,15.8,2166,51%,"https://static.www.nfl.com/image/upload/f_auto,q_auto/league/xykdxnvxpf9pobxvkjfj","https://static.www.nfl.com/image/upload/f_auto,q_auto/league/xykdxnvxpf9pobxvkjfj",https://jeffwarr4.github.io/nfl-awards-predictor/assets/logos/SF.png
6,Matthew Stafford,LA,QB,16.0,69%,5.25,42,108.8,0,42.0,278.0,-2,-0.1,4446,43%,"https://static.www.nfl.com/image/upload/f_auto,q_auto/league/svxl2pk2cuqf26zrhii4","https://static.www.nfl.com/image/upload/f_auto,q_auto/league/svxl2pk2cuqf26zrhii4",https://jeffwarr4.github.io/nfl-awards-predictor/assets/logos/LA.png
7,James Cook,BUF,RB,16.0,69%,0.0,0,0.0,12,14.0,0.0,1606,100.4,1897,40%,"https://static.www.nfl.com/image/upload/f_auto,q_auto/league/anjbznqb9i21wzcgrtbs","https://static.www.nfl.com/image/upload/f_auto,q_auto/league/anjbznqb9i21wzcgrtbs",https://jeffwarr4.github.io/nfl-awards-predictor/assets/logos/BUF.png
8,Bo Nix,DEN,QB,16.0,81%,2.27,25,88.2,5,30.0,236.9,307,19.2,4097,35%,"https://static.www.nfl.com/image/upload/f_auto,q_auto/league/igirshmrr6lqtxcpxsea","https://static.www.nfl.com/image/upload/f_auto,q_auto/league/igirshmrr6lqtxcpxsea",https://jeffwarr4.github.io/nfl-awards-predictor/assets/logos/DEN.png
9,Christian McCaffrey,SF,RB,16.0,75%,0.0,0,0.0,10,17.0,0.0,1179,73.7,2069,23%,"https://static.www.nfl.com/image/upload/f_auto,q_auto/league/resjdwihunsqckohcorj","https://static.www.nfl.com/image/upload/f_auto,q_auto/league/resjdwihunsqckohcorj",https://jeffwarr4.github.io/nfl-awards-predictor/assets/logos/SF.png
10,Dak Prescott,DAL,QB,16.0,44%,3.0,30,99.9,2,32.0,280.1,178,11.1,4660,18%,"https://static.www.nfl.com/image/upload/f_auto,q_auto/league/blixemm3s9sa4gmqk5yn","https://static.www.nfl.com/image/upload/f_auto,q_auto/league/blixemm3s9sa4gmqk5yn",https://jeffwarr4.github.io/nfl-awards-predictor/assets/logos/DAL.png
11,Derrick Henry,BAL,RB,16.0,50%,0.0,0,0.0,16,16.0,0.0,1469,91.8,1619,9%,"https://static.www.nfl.com/image/upload/f_auto,q_auto/league/jxtikemnvpkw9r0ex2wv","https://static.www.nfl.com/image/upload/f_auto,q_auto/league/jxtikemnvpkw9r0ex2wv",https://jeffwarr4.github.io/nfl-awards-predictor/assets/logos/BAL.png
12,Patrick Mahomes,KC,QB,14.0,38%,2.0,22,89.6,5,27.0,256.2,422,30.1,3999,5%,"https://static.www.nfl.com/image/upload/f_auto,q_auto/league/iireqbn32cpg9fn4sfy7","https://static.www.nfl.com/image/upload/f_auto,q_auto/league/iireqbn32cpg9fn4sfy7",https://jeffwarr4.github.io/nfl-awards-predictor/assets/logos/KC.png
13,Jalen Hurts,PHI,QB,16.0,69%,4.17,25,98.5,8,33.0,201.5,421,26.3,3645,5%,"https://static.www.nfl.com/image/upload/f_auto,q_auto/league/c47i9v6gmokkun9cat9s","https://static.www.nfl.com/image/upload/f_auto,q_auto/league/c47i9v6gmokkun9cat9s",https://jeffwarr4.github.io/nfl-awards-predictor/assets/logos/PHI.png
14,Bijan Robinson,ATL,RB,16.0,44%,0.0,0,0.0,7,11.0,0.0,1445,90.3,2255,4%,"https://static.www.nfl.com/image/upload/f_auto,q_auto/league/rjaf9auhx3lrktzgwpfb","https://static.www.nfl.com/image/upload/f_auto,q_auto/league/rjaf9auhx3lrktzgwpfb",https://jeffwarr4.github.io/nfl-awards-predictor/assets/logos/ATL.png
15,Daniel Jones,IND,QB,13.0,50%,2.38,19,100.2,5,24.0,238.5,164,12.6,3265,3%,"https://static.www.nfl.com/image/upload/f_auto,q_auto/league/nhuiypfjzpkisxllinyv","https://static.www.nfl.com/image/upload/f_auto,q_auto/league/nhuiypfjzpkisxllinyv",https://jeffwarr4.github.io/nfl-awards-predictor/assets/logos/IND.png
16,Jahmyr Gibbs,DET,RB,16.0,50%,0.0,0,0.0,13,17.0,0.0,1143,71.4,1726,3%,"https://static.www.nfl.com/image/upload/f_auto,q_auto/league/hjxk3judytgsxkqiilre","https://static.www.nfl.com/image/upload/f_auto,q_auto/league/hjxk3judytgsxkqiilre",https://jeffwarr4.github.io/nfl-awards-predictor/assets/logos/DET.png
17,Sam Darnold,SEA,QB,16.0,81%,1.79,25,99.2,0,25.0,240.6,86,5.4,3936,2%,"https://static.www.nfl.com/image/upload/f_auto,q_auto/league/s5t8m6bhedjwwtfw3ild","https://static.www.nfl.com/image/upload/f_auto,q_auto/league/s5t8m6bhedjwwtfw3ild",https://jeffwarr4.github.io/nfl-awards-predictor/assets/logos/SEA.png
18,Travis Etienne,JAX,RB,16.0,75%,0.0,0,0.0,7,13.0,0.0,1075,67.2,1361,2%,"https://static.www.nfl.com/image/upload/f_auto,q_auto/league/gc0iljgj34piecyfueyd","https://static.www.nfl.com/image/upload/f_auto,q_auto/league/gc0iljgj34piecyfueyd",https://jeffwarr4.github.io/nfl-awards-predictor/assets/logos/JAX.png
19,Caleb Williams,CHI,QB,16.0,69%,4.17,25,90.3,3,29.0,233.1,382,23.9,4134,1%,"https://static.www.nfl.com/image/upload/f_auto,q_auto/league/h4qs11kutwiw7whekmyt","https://static.www.nfl.com/image/upload/f_auto,q_auto/league/h4qs11kutwiw7whekmyt",https://jeffwarr4.github.io/nfl-awards-predictor/assets/logos/CHI.png
20,De'Von Achane,MIA,RB,16.0,44%,0.0,0,0.0,8,12.0,0.0,1350,84.4,1838,1%,"https://static.www.nfl.com/image/upload/f_auto,q_auto/league/xk1xwio0bryfxo1ylweu","https://static.www.nfl.com/image/upload/f_auto,q_auto/league/xk1xwio0bryfxo1ylweu",https://jeffwarr4.github.io/nfl-awards-predictor/assets/logos/MIA.png
21,Kyren Williams,LA,RB,16.0,69%,0.0,0,0.0,10,13.0,0.0,1192,74.5,1452,1%,"https://static.www.nfl.com/image/upload/f_auto,q_auto/league/smsyrjrwy0lf0hu9hkvg","https://static.www.nfl.com/image/upload/f_auto,q_auto/league/smsyrjrwy0lf0hu9hkvg",https://jeffwarr4.github.io/nfl-awards-predictor/assets/logos/LA.png
22,Mac Jones,SF,QB,11.0,75%,2.17,13,97.4,0,13.0,195.5,60,5.5,2211,1%,"https://static.www.nfl.com/image/upload/f_auto,q_auto/league/v5sg1z9qvdpjeapblndz","https://static.www.nfl.com/image/upload/f_auto,q_auto/league/v5sg1z9qvdpjeapblndz",https://jeffwarr4.github.io/nfl-awards-predictor/assets/logos/SF.png
23,Javonte Williams,DAL,RB,16.0,44%,0.0,0,0.0,11,13.0,0.0,1201,75.1,1338,0%,"https://static.www.nfl.com/image/upload/f_auto,q_auto/league/hwzske22c4wrlf27qrih","https://static.www.nfl.com/image/upload/f_auto,q_auto/league/hwzske22c4wrlf27qrih",https://jeffwarr4.github.io/nfl-awards-predictor/assets/logos/DAL.png
24,Trevor Lawrence,JAX,QB,16.0,75%,2.17,26,88.7,9,35.0,234.5,348,21.8,4100,0%,"https://static.www.nfl.com/image/upload/f_auto,q_auto/league/d75srntioly7fq0z8vip","https://static.www.nfl.com/image/upload/f_auto,q_auto/league/d75srntioly7fq0z8vip",https://jeffwarr4.github.io/nfl-awards-predictor/assets/logos/JAX.png
25,C.J. Stroud,HOU,QB,13.0,69%,2.25,18,92.6,0,18.0,220.9,204,15.7,3076,0%,"https://static.www.nfl.com/image/upload/f_auto,q_auto/league/tt4zrtxlhifaljhj0rn7","https://static.www.nfl.com/image/upload/f_auto,q_auto/league/tt4zrtxlhifaljhj0rn7",https://jeffwarr4.github.io/nfl-awards-predictor/assets/logos/HOU.png
26,Jared Goff,DET,QB,16.0,50%,4.71,33,107.0,0,33.0,264.6,45,2.8,4278,0%,"https://static.www.nfl.com/image/upload/f_auto,q_auto/league/yggfwr4ak4po9byj0qor","https://static.www.nfl.com/image/upload/f_auto,q_auto/league/yggfwr4ak4po9byj0qor",https://jeffwarr4.github.io/nfl-awards-predictor/assets/logos/DET.png
27,Saquon Barkley,PHI,RB,16.0,69%,0.0,0,0.0,7,9.0,0.0,1140,71.2,1413,0%,"https://static.www.nfl.com/image/upload/f_auto,q_auto/league/ern1nbhivkmwkg82c7v1","https://static.www.nfl.com/image/upload/f_auto,q_auto/league/ern1nbhivkmwkg82c7v1",https://jeffwarr4.github.io/nfl-awards-predictor/assets/logos/PHI.png
28,Josh Jacobs,GB,RB,15.0,56%,0.0,0,0.0,13,14.0,0.0,929,61.9,1211,0%,"https://static.www.nfl.com/image/upload/f_auto,q_auto/league/drtobqw2mk7yw3edjgwo","https://static.www.nfl.com/image/upload/f_auto,q_auto/league/drtobqw2mk7yw3edjgwo",https://jeffwarr4.github.io/nfl-awards-predictor/assets/logos/GB.png
29,D'Andre Swift,CHI,RB,15.0,69%,0.0,0,0.0,9,10.0,0.0,1047,69.8,1338,0%,"https://static.www.nfl.com/image/upload/f_auto,q_auto/league/owpmwzoilitcodc6cmxo","https://static.www.nfl.com/image/upload/f_auto,q_auto/league/owpmwzoilitcodc6cmxo",https://jeffwarr4.github.io/nfl-awards-predictor/assets/logos/CHI.png
30,Chase Brown,CIN,RB,16.0,38%,0.0,0,0.0,6,10.0,0.0,947,59.2,1366,0%,"https://static.www.nfl.com/image/upload/f_auto,q_auto/league/pv3sq3uzosixxexbznq5","https://static.www.nfl.com/image/upload/f_auto,q_auto/league/pv3sq3uzosixxexbznq5",https://jeffwarr4.github.io/nfl-awards-predictor/assets/logos/CIN.png
31,Ashton Jeanty,LV,RB,16.0,12%,0.0,0,0.0,5,10.0,0.0,888,55.5,1227,0%,"https://static.www.nfl.com/image/upload/f_auto,q_auto/league/syspis1mntov9kgspb7r","https://static.www.nfl.com/image/upload/f_auto,q_auto/league/syspis1mntov9kgspb7r",https://jeffwarr4.github.io/nfl-awards-predictor/assets/logos/LV.png
32,Justin Herbert,LAC,QB,16.0,69%,2.0,26,94.1,2,28.0,232.9,498,31.1,4225,0%,"https://static.www.nfl.com/image/upload/f_auto,q_auto/league/s1oelyaroiaalgilbeqk","https://static.www.nfl.com/image/upload/f_auto,q_auto/league/s1oelyaroiaalgilbeqk",https://jeffwarr4.github.io/nfl-awards-predictor/assets/logos/LAC.png
33,Rico Dowdle,CAR,RB,16.0,50%,0.0,0,0.0,6,7.0,0.0,1066,66.6,1343,0%,"https://static.www.nfl.com/image/upload/f_auto,q_auto/league/cvnrzndsiaojvvxz8vo5","https://static.www.nfl.com/image/upload/f_auto,q_auto/league/cvnrzndsiaojvvxz8vo5",https://jeffwarr4.github.io/nfl-awards-predictor/assets/logos/CAR.png
34,Jaylen Warren,PIT,RB,15.0,56%,0.0,0,0.0,6,8.0,0.0,892,59.5,1192,0%,"https://static.www.nfl.com/image/upload/f_auto,q_auto/league/f3txbqdarbabqtq4sx98","https://static.www.nfl.com/image/upload/f_auto,q_auto/league/f3txbqdarbabqtq4sx98",https://jeffwarr4.github.io/nfl-awards-predictor/assets/logos/PIT.png
35,TreVeyon Henderson,NE,RB,16.0,81%,0.0,0,0.0,7,8.0,0.0,858,53.6,1079,0%,"https://static.www.nfl.com/image/upload/f_auto,q_auto/league/cfcux3dnfmbmz3qzrnco","https://static.www.nfl.com/image/upload/f_auto,q_auto/league/cfcux3dnfmbmz3qzrnco",https://jeffwarr4.github.io/nfl-awards-predictor/assets/logos/NE.png
36,Lamar Jackson,BAL,QB,12.0,50%,3.0,18,101.4,2,20.0,192.6,340,28.3,2651,0%,"https://static.www.nfl.com/image/upload/f_auto,q_auto/league/cruqs6qpbykh7a2whd7p","https://static.www.nfl.com/image/upload/f_auto,q_auto/league/cruqs6qpbykh7a2whd7p",https://jeffwarr4.github.io/nfl-awards-predictor/assets/logos/BAL.png
37,Kenneth Walker III,SEA,RB,16.0,81%,0.0,0,0.0,5,5.0,0.0,930,58.1,1176,0%,"https://static.www.nfl.com/image/upload/f_auto,q_auto/league/mnzsnemdzbey5hbahdhk","https://static.www.nfl.com/image/upload/f_auto,q_auto/league/mnzsnemdzbey5hbahdhk",https://jeffwarr4.github.io/nfl-awards-predictor/assets/logos/SEA.png
38,Zach Charbonnet,SEA,RB,15.0,81%,0.0,0,0.0,11,11.0,0.0,656,43.7,777,0%,"https://static.www.nfl.com/image/upload/f_auto,q_auto/league/jqbzg5e8pdltbnb7hc8p","https://static.www.nfl.com/image/upload/f_auto,q_auto/league/jqbzg5e8pdltbnb7hc8p",https://jeffwarr4.github.io/nfl-awards-predictor/assets/logos/SEA.png
39,J.K. Dobbins,DEN,RB,10.0,81%,0.0,0,0.0,4,4.0,0.0,772,77.2,809,0%,"https://static.www.nfl.com/image/upload/f_auto,q_auto/league/cevotvl3ho5h1mioruyg","https://static.www.nfl.com/image/upload/f_auto,q_auto/league/cevotvl3ho5h1mioruyg",https://jeffwarr4.github.io/nfl-awards-predictor/assets/logos/DEN.png
40,RJ Harvey,DEN,RB,16.0,81%,0.0,0,0.0,7,12.0,0.0,512,32.0,863,0%,"https://static.www.nfl.com/image/upload/f_auto,q_auto/league/i1qxzydetb2orrynzvzk","https://static.www.nfl.com/image/upload/f_auto,q_auto/league/i1qxzydetb2orrynzvzk",https://jeffwarr4.github.io/nfl-awards-predictor/assets/logos/DEN.png
41,Tyler Shough,NO,QB,10.0,38%,1.8,9,92.1,2,11.0,212.5,152,15.2,2277,0%,"https://static.www.nfl.com/image/upload/f_auto,q_auto/league/wsrkib8qgwtb2t2ugaru","https://static.www.nfl.com/image/upload/f_auto,q_auto/league/wsrkib8qgwtb2t2ugaru",https://jeffwarr4.github.io/nfl-awards-predictor/assets/logos/NO.png
42,Breece Hall,NYJ,RB,16.0,19%,1.0,1,0.0,4,6.0,0.2,1065,66.6,1419,0%,"https://static.www.nfl.com/image/upload/f_auto,q_auto/league/m3dviruymtm2wl2zcpmr","https://static.www.nfl.com/image/upload/f_auto,q_auto/league/m3dviruymtm2wl2zcpmr",https://jeffwarr4.github.io/nfl-awards-predictor/assets/logos/NYJ.png
43,Tony Pollard,TEN,RB,16.0,19%,0.0,0,0.0,5,5.0,0.0,1034,64.6,1223,0%,"https://static.www.nfl.com/image/upload/f_auto,q_auto/league/dvpdczetkdhrqpm8izmd","https://static.www.nfl.com/image/upload/f_auto,q_auto/league/dvpdczetkdhrqpm8izmd",https://jeffwarr4.github.io/nfl-awards-predictor/assets/logos/TEN.png
44,Quinshon Judkins,CLE,RB,14.0,25%,0.0,0,0.0,7,7.0,0.0,827,59.1,998,0%,"https://static.www.nfl.com/image/upload/f_auto,q_auto/league/ojtce2im0wp2ltyel0vc","https://static.www.nfl.com/image/upload/f_auto,q_auto/league/ojtce2im0wp2ltyel0vc",https://jeffwarr4.github.io/nfl-awards-predictor/assets/logos/CLE.png
45,Jaxson Dart,NYG,QB,13.0,19%,2.6,13,89.8,9,22.0,157.1,455,35.0,2497,0%,"https://static.www.nfl.com/image/upload/f_auto,q_auto/league/n6uymxssgiicjmxkzxoc","https://static.www.nfl.com/image/upload/f_auto,q_auto/league/n6uymxssgiicjmxkzxoc",https://jeffwarr4.github.io/nfl-awards-predictor/assets/logos/NYG.png
46,Woody Marks,HOU,RB,15.0,69%,0.0,0,0.0,2,5.0,0.0,655,43.7,863,0%,"https://static.www.nfl.com/image/upload/f_auto,q_auto/league/pwvxisrnjitkkghkfcn3","https://static.www.nfl.com/image/upload/f_auto,q_auto/league/pwvxisrnjitkkghkfcn3",https://jeffwarr4.github.io/nfl-awards-predictor/assets/logos/HOU.png
47,Marcus Mariota,WAS,QB,10.0,25%,1.43,10,86.1,1,11.0,169.5,297,29.7,1992,0%,"https://static.www.nfl.com/image/upload/f_auto,q_auto/league/b9ribxqudeehvmjlw0va","https://static.www.nfl.com/image/upload/f_auto,q_auto/league/b9ribxqudeehvmjlw0va",https://jeffwarr4.github.io/nfl-awards-predictor/assets/logos/WAS.png
48,Michael Penix Jr.,ATL,QB,9.0,44%,3.0,9,88.5,1,10.0,220.2,70,7.8,2052,0%,"https://static.www.nfl.com/image/upload/f_auto,q_auto/league/azvyjzp2sa8cnljbp3i7","https://static.www.nfl.com/image/upload/f_auto,q_auto/league/azvyjzp2sa8cnljbp3i7",https://jeffwarr4.github.io/nfl-awards-predictor/assets/logos/ATL.png
49,Omarion Hampton,LAC,RB,9.0,69%,0.0,0,0.0,4,5.0,0.0,545,60.6,737,0%,"https://static.www.nfl.com/image/upload/f_auto,q_auto/league/ck7xcbwuka7wu2zwhssk","https://static.www.nfl.com/image/upload/f_auto,q_auto/league/ck7xcbwuka7wu2zwhssk",https://jeffwarr4.github.io/nfl-awards-predictor/assets/logos/LAC.png
50,Jacory Croskey-Merritt,WAS,RB,16.0,25%,0.0,0,0.0,8,8.0,0.0,776,48.5,844,0%,"https://static.www.nfl.com/image/upload/f_auto,q_auto/league/tklzj7zzve1t4z2hhr1g","https://static.www.nfl.com/image/upload/f_auto,q_auto/league/tklzj7zzve1t4z2hhr1g",https://jeffwarr4.github.io/nfl-awards-predictor/assets/logos/WAS.png
51,Kimani Vidal,LAC,RB,12.0,69%,0.0,0,0.0,3,4.0,0.0,631,52.6,769,0%,"https://static.www.nfl.com/image/upload/f_auto,q_auto/league/huwihtava8gkxzb4cxb8","https://static.www.nfl.com/image/upload/f_auto,q_auto/league/huwihtava8gkxzb4cxb8",https://jeffwarr4.github.io/nfl-awards-predictor/assets/logos/LAC.png
52,Bucky Irving,TB,RB,9.0,44%,0.0,0,0.0,1,4.0,0.0,503,55.9,767,0%,"https://static.www.nfl.com/image/upload/f_auto,q_auto/league/hmgpumoxwhvrrkcjuuuw","https://static.www.nfl.com/image/upload/f_auto,q_auto/league/hmgpumoxwhvrrkcjuuuw",https://jeffwarr4.github.io/nfl-awards-predictor/assets/logos/TB.png
53,Kyle Monangai,CHI,RB,16.0,69%,0.0,0,0.0,5,5.0,0.0,769,48.1,918,0%,"https://static.www.nfl.com/image/upload/f_auto,q_auto/league/cici2wf1walmoluhe95i","https://static.www.nfl.com/image/upload/f_auto,q_auto/league/cici2wf1walmoluhe95i",https://jeffwarr4.github.io/nfl-awards-predictor/assets/logos/CHI.png
54,David Montgomery,DET,RB,16.0,50%,1.0,1,0.0,8,9.0,0.2,674,42.1,856,0%,"https://static.www.nfl.com/image/upload/f_auto,q_auto/league/xeb6fq4zimgkksq7uari","https://static.www.nfl.com/image/upload/f_auto,q_auto/league/xeb6fq4zimgkksq7uari",https://jeffwarr4.github.io/nfl-awards-predictor/assets/logos/DET.png
55,Joe Flacco,CIN,QB,8.0,38%,3.25,13,91.0,1,14.0,208.0,20,2.5,1684,0%,"https://static.www.nfl.com/image/upload/f_auto,q_auto/league/vbqptn8emdlbeaz1kvmx","https://static.www.nfl.com/image/upload/f_auto,q_auto/league/vbqptn8emdlbeaz1kvmx",https://jeffwarr4.github.io/nfl-awards-predictor/assets/logos/CIN.png
56,Kirk Cousins,ATL,QB,9.0,44%,2.25,9,86.8,1,10.0,171.2,7,0.8,1548,0%,"https://static.www.nfl.com/image/upload/f_auto,q_auto/league/hmdqr7gju0dciapvdjcv","https://static.www.nfl.com/image/upload/f_auto,q_auto/league/hmdqr7gju0dciapvdjcv",https://jeffwarr4.github.io/nfl-awards-predictor/assets/logos/ATL.png
57,Rhamondre Stevenson,NE,RB,13.0,81%,0.0,0,0.0,5,6.0,0.0,472,36.3,795,0%,"https://static.www.nfl.com/image/upload/f_auto,q_auto/league/ed09migntlyy8ntgvcu1","https://static.www.nfl.com/image/upload/f_auto,q_auto/league/ed09migntlyy8ntgvcu1",https://jeffwarr4.github.io/nfl-awards-predictor/assets/logos/NE.png
58,Blake Corum,LA,RB,16.0,69%,0.0,0,0.0,6,6.0,0.0,687,42.9,713,0%,"https://static.www.nfl.com/image/upload/f_auto,q_auto/league/gytdgnrjj3jk8rlfxz85","https://static.www.nfl.com/image/upload/f_auto,q_auto/league/gytdgnrjj3jk8rlfxz85",https://jeffwarr4.github.io/nfl-awards-predictor/assets/logos/LA.png
59,Kareem Hunt,KC,RB,16.0,38%,0.0,0,0.0,8,9.0,0.0,597,37.3,719,0%,"https://static.www.nfl.com/image/upload/f_auto,q_auto/league/hktvzf8hiupoycyg1kmc","https://static.www.nfl.com/image/upload/f_auto,q_auto/league/hktvzf8hiupoycyg1kmc",https://jeffwarr4.github.io/nfl-awards-predictor/assets/logos/KC.png
60,Aaron Rodgers,PIT,QB,15.0,56%,3.29,23,95.3,1,24.0,201.9,41,2.7,3060,0%,"https://static.www.nfl.com/image/upload/f_auto,q_auto/league/dypvakakxhccxs67tb0y","https://static.www.nfl.com/image/upload/f_auto,q_auto/league/dypvakakxhccxs67tb0y",https://jeffwarr4.github.io/nfl-awards-predictor/assets/logos/PIT.png
61,Jordan Mason,MIN,RB,15.0,50%,0.0,0,0.0,6,6.0,0.0,664,44.3,715,0%,"https://static.www.nfl.com/image/upload/f_auto,q_auto/league/ixykwytfrfz1cdxlhj5w","https://static.www.nfl.com/image/upload/f_auto,q_auto/league/ixykwytfrfz1cdxlhj5w",https://jeffwarr4.github.io/nfl-awards-predictor/assets/logos/MIN.png
62,Cam Skattebo,NYG,RB,8.0,19%,0.0,0,0.0,5,7.0,0.0,410,51.2,617,0%,"https://static.www.nfl.com/image/upload/f_auto,q_auto/league/vnftthkbvw7ucsqtqjpq","https://static.www.nfl.com/image/upload/f_auto,q_auto/league/vnftthkbvw7ucsqtqjpq",https://jeffwarr4.github.io/nfl-awards-predictor/assets/logos/NYG.png
63,Kenneth Gainwell,PIT,RB,16.0,56%,0.0,0,0.0,4,7.0,0.0,527,32.9,949,0%,"https://static.www.nfl.com/image/upload/f_auto,q_auto/league/f74x1ywy7oo5kq81vblh","https://static.www.nfl.com/image/upload/f_auto,q_auto/league/f74x1ywy7oo5kq81vblh",https://jeffwarr4.github.io/nfl-awards-predictor/assets/logos/PIT.png
64,Tua Tagovailoa,MIA,QB,14.0,44%,1.33,20,88.5,0,20.0,190.0,43,3.1,2703,0%,"https://static.www.nfl.com/image/upload/f_auto,q_auto/league/ktqj3s5vofexl2dwrrp4","https://static.www.nfl.com/image/upload/f_auto,q_auto/league/ktqj3s5vofexl2dwrrp4",https://jeffwarr4.github.io/nfl-awards-predictor/assets/logos/MIA.png
65,Tyler Allgeier,ATL,RB,16.0,44%,0.0,0,0.0,8,8.0,0.0,498,31.1,591,0%,"https://static.www.nfl.com/image/upload/f_auto,q_auto/league/buwaomfsz4y6orgb0cyg","https://static.www.nfl.com/image/upload/f_auto,q_auto/league/buwaomfsz4y6orgb0cyg",https://jeffwarr4.github.io/nfl-awards-predictor/assets/logos/ATL.png
66,Chuba Hubbard,CAR,RB,14.0,50%,0.0,0,0.0,1,4.0,0.0,501,35.8,717,0%,"https://static.www.nfl.com/image/upload/f_auto,q_auto/league/pjgml85ghq7oa48dctn7","https://static.www.nfl.com/image/upload/f_auto,q_auto/league/pjgml85ghq7oa48dctn7",https://jeffwarr4.github.io/nfl-awards-predictor/assets/logos/CAR.png
67,Spencer Rattler,NO,QB,9.0,38%,1.6,8,86.5,0,8.0,176.2,167,18.6,1753,0%,"https://static.www.nfl.com/image/upload/f_auto,q_auto/league/uridusydmg6brwrmpmq6","https://static.www.nfl.com/image/upload/f_auto,q_auto/league/uridusydmg6brwrmpmq6",https://jeffwarr4.github.io/nfl-awards-predictor/assets/logos/NO.png
68,Aaron Jones,MIN,RB,12.0,50%,0.0,0,0.0,2,3.0,0.0,548,45.7,747,0%,"https://static.www.nfl.com/image/upload/f_auto,q_auto/league/bktkfvgfwujkdbzkcfim","https://static.www.nfl.com/image/upload/f_auto,q_auto/league/bktkfvgfwujkdbzkcfim",https://jeffwarr4.github.io/nfl-awards-predictor/assets/logos/MIN.png
69,Tyrone Tracy Jr.,NYG,RB,14.0,19%,0.0,0,0.0,2,3.0,0.0,637,45.5,869,0%,"https://static.www.nfl.com/image/upload/f_auto,q_auto/league/b9nje50lohbprf06xoom","https://static.www.nfl.com/image/upload/f_auto,q_auto/league/b9nje50lohbprf06xoom",https://jeffwarr4.github.io/nfl-awards-predictor/assets/logos/NYG.png
70,Bhayshul Tuten,JAX,RB,14.0,75%,0.0,0,0.0,4,6.0,0.0,284,20.3,363,0%,"https://static.www.nfl.com/image/upload/f_auto,q_auto/league/uf6bidyfjeemrlgsibiz","https://static.www.nfl.com/image/upload/f_auto,q_auto/league/uf6bidyfjeemrlgsibiz",https://jeffwarr4.github.io/nfl-awards-predictor/assets/logos/JAX.png
71,Nick Chubb,HOU,RB,15.0,69%,0.0,0,0.0,3,3.0,0.0,506,33.7,573,0%,"https://static.www.nfl.com/image/upload/f_auto,q_auto/league/h5y74trx6l8ivpkbmrkt","https://static.www.nfl.com/image/upload/f_auto,q_auto/league/h5y74trx6l8ivpkbmrkt",https://jeffwarr4.github.io/nfl-awards-predictor/assets/logos/HOU.png
72,Chris Rodriguez Jr.,WAS,RB,11.0,25%,0.0,0,0.0,5,5.0,0.0,435,39.5,447,0%,"https://static.www.nfl.com/image/upload/f_auto,q_auto/league/z5nbh1nza9je683o17h1","https://static.www.nfl.com/image/upload/f_auto,q_auto/league/z5nbh1nza9je683o17h1",https://jeffwarr4.github.io/nfl-awards-predictor/assets/logos/WAS.png
73,Sean Tucker,TB,RB,16.0,44%,0.0,0,0.0,7,8.0,0.0,324,20.2,358,0%,"https://static.www.nfl.com/image/upload/f_auto,q_auto/league/zyzp7e2gos47ebzur9gi","https://static.www.nfl.com/image/upload/f_auto,q_auto/league/zyzp7e2gos47ebzur9gi",https://jeffwarr4.github.io/nfl-awards-predictor/assets/logos/TB.png
74,Rachaad White,TB,RB,16.0,44%,0.0,0,0.0,4,4.0,0.0,549,34.3,749,0%,"https://static.www.nfl.com/image/upload/f_auto,q_auto/league/sxugbms8ketvgmilnlu3","https://static.www.nfl.com/image/upload/f_auto,q_auto/league/sxugbms8ketvgmilnlu3",https://jeffwarr4.github.io/nfl-awards-predictor/assets/logos/TB.png
75,Alvin Kamara,NO,RB,11.0,38%,0.0,0,0.0,1,1.0,0.0,471,42.8,657,0%,"https://static.www.nfl.com/image/upload/f_auto,q_auto/league/uay6uo9lonegelngihki","https://static.www.nfl.com/image/upload/f_auto,q_auto/league/uay6uo9lonegelngihki",https://jeffwarr4.github.io/nfl-awards-predictor/assets/logos/NO.png
76,Isiah Pacheco,KC,RB,13.0,38%,0.0,0,0.0,1,2.0,0.0,462,35.5,563,0%,"https://static.www.nfl.com/image/upload/f_auto,q_auto/league/tqshteijt4xhgk2ei9sx","https://static.www.nfl.com/image/upload/f_auto,q_auto/league/tqshteijt4xhgk2ei9sx",https://jeffwarr4.github.io/nfl-awards-predictor/assets/logos/KC.png
77,Emanuel Wilson,GB,RB,16.0,56%,0.0,0,0.0,3,3.0,0.0,452,28.2,547,0%,"https://static.www.nfl.com/image/upload/f_auto,q_auto/league/xni9gnwmhdex7h1ey3jq","https://static.www.nfl.com/image/upload/f_auto,q_auto/league/xni9gnwmhdex7h1ey3jq",https://jeffwarr4.github.io/nfl-awards-predictor/assets/logos/GB.png
78,Baker Mayfield,TB,QB,16.0,44%,2.5,25,90.3,1,26.0,218.1,351,21.9,3841,0%,"https://static.www.nfl.com/image/upload/f_auto,q_auto/league/i2uufyghiphx4oihgucm","https://static.www.nfl.com/image/upload/f_auto,q_auto/league/i2uufyghiphx4oihgucm",https://jeffwarr4.github.io/nfl-awards-predictor/assets/logos/TB.png
79,Brian Robinson,SF,RB,16.0,75%,0.0,0,0.0,2,2.0,0.0,391,24.4,416,0%,"https://static.www.nfl.com/image/upload/f_auto,q_auto/league/n1xhex1ytisxcbcggqu7","https://static.www.nfl.com/image/upload/f_auto,q_auto/league/n1xhex1ytisxcbcggqu7",https://jeffwarr4.github.io/nfl-awards-predictor/assets/logos/SF.png
80,Bam Knight,ARI,RB,12.0,19%,0.0,0,0.0,4,5.0,0.0,269,22.4,429,0%,"https://static.www.nfl.com/image/upload/f_auto,q_auto/league/mjxnlzlnnwlfqayeybut","https://static.www.nfl.com/image/upload/f_auto,q_auto/league/mjxnlzlnnwlfqayeybut",https://jeffwarr4.github.io/nfl-awards-predictor/assets/logos/ARI.png
81,Justin Fields,NYJ,QB,9.0,19%,7.0,7,89.5,4,11.0,139.9,383,42.6,1642,0%,"https://static.www.nfl.com/image/upload/f_auto,q_auto/league/fbteankooq2c33yquq2j","https://static.www.nfl.com/image/upload/f_auto,q_auto/league/fbteankooq2c33yquq2j",https://jeffwarr4.github.io/nfl-awards-predictor/assets/logos/NYJ.png
82,Jaylen Wright,MIA,RB,8.0,44%,0.0,0,0.0,2,2.0,0.0,265,33.1,292,0%,"https://static.www.nfl.com/image/upload/f_auto,q_auto/league/i3wlfgqsynl7qaa4tsqw","https://static.www.nfl.com/image/upload/f_auto,q_auto/league/i3wlfgqsynl7qaa4tsqw",https://jeffwarr4.github.io/nfl-awards-predictor/assets/logos/MIA.png
83,Devin Singletary,NYG,RB,16.0,19%,0.0,0,0.0,4,4.0,0.0,411,25.7,562,0%,"https://static.www.nfl.com/image/upload/f_auto,q_auto/league/wqw8ee4nsxsisqb3bagw","https://static.www.nfl.com/image/upload/f_auto,q_auto/league/wqw8ee4nsxsisqb3bagw",https://jeffwarr4.github.io/nfl-awards-predictor/assets/logos/NYG.png
84,Samaje Perine,CIN,RB,14.0,38%,0.0,0,0.0,3,3.0,0.0,340,24.3,417,0%,"https://static.www.nfl.com/image/upload/f_auto,q_auto/league/ur3jv6biq0pefkrgpzty","https://static.www.nfl.com/image/upload/f_auto,q_auto/league/ur3jv6biq0pefkrgpzty",https://jeffwarr4.github.io/nfl-awards-predictor/assets/logos/CIN.png
85,Bryce Young,CAR,QB,15.0,50%,2.1,21,87.0,2,23.0,183.0,217,14.5,2962,0%,"https://static.www.nfl.com/image/upload/f_auto,q_auto/league/qy1lfhlzhiacsyzzm1j7","https://static.www.nfl.com/image/upload/f_auto,q_auto/league/qy1lfhlzhiacsyzzm1j7",https://jeffwarr4.github.io/nfl-awards-predictor/assets/logos/CAR.png
86,Keaton Mitchell,BAL,RB,12.0,50%,0.0,0,0.0,1,1.0,0.0,339,28.2,402,0%,"https://static.www.nfl.com/image/upload/f_auto,q_auto/league/klpn2btfhgfv5a8dp3jj","https://static.www.nfl.com/image/upload/f_auto,q_auto/league/klpn2btfhgfv5a8dp3jj",https://jeffwarr4.github.io/nfl-awards-predictor/assets/logos/BAL.png
87,Malik Davis,DAL,RB,10.0,44%,0.0,0,0.0,2,2.0,0.0,250,25.0,266,0%,"https://static.www.nfl.com/image/upload/f_auto,q_auto/league/mdjhv8xuitxkn7oefwty","https://static.www.nfl.com/image/upload/f_auto,q_auto/league/mdjhv8xuitxkn7oefwty",https://jeffwarr4.github.io/nfl-awards-predictor/assets/logos/DAL.png
88,Tank Bigsby,PHI,RB,13.0,69%,0.0,0,0.0,1,1.0,0.0,269,20.7,270,0%,"https://static.www.nfl.com/image/upload/f_auto,q_auto/league/nin8aexyipca7g7u7f4a","https://static.www.nfl.com/image/upload/f_auto,q_auto/league/nin8aexyipca7g7u7f4a",https://jeffwarr4.github.io/nfl-awards-predictor/assets/logos/PHI.png
89,Devin Neal,NO,RB,9.0,38%,0.0,0,0.0,2,2.0,0.0,206,22.9,310,0%,"https://static.www.nfl.com/image/upload/f_auto,q_auto/league/e0pzghslevb27ssozx4s","https://static.www.nfl.com/image/upload/f_auto,q_auto/league/e0pzghslevb27ssozx4s",https://jeffwarr4.github.io/nfl-awards-predictor/assets/logos/NO.png
90,Ollie Gordon II,MIA,RB,16.0,44%,0.0,0,0.0,3,4.0,0.0,190,11.9,220,0%,"https://static.www.nfl.com/image/upload/f_auto,q_auto/league/bv33rgypaauv7sealwkr","https://static.www.nfl.com/image/upload/f_auto,q_auto/league/bv33rgypaauv7sealwkr",https://jeffwarr4.github.io/nfl-awards-predictor/assets/logos/MIA.png
91,J.J. McCarthy,MIN,QB,9.0,50%,0.92,11,71.2,4,15.0,161.1,174,19.3,1624,0%,"https://static.www.nfl.com/image/upload/f_auto,q_auto/league/omybnfokapjw6jwb5dd3","https://static.www.nfl.com/image/upload/f_auto,q_auto/league/omybnfokapjw6jwb5dd3",https://jeffwarr4.github.io/nfl-awards-predictor/assets/logos/MIN.png
92,Emari Demercado,ARI,RB,11.0,19%,0.0,0,0.0,0,1.0,0.0,283,25.7,356,0%,"https://static.www.nfl.com/image/upload/f_auto,q_auto/league/jasnk9akri8eghfgolsn","https://static.www.nfl.com/image/upload/f_auto,q_auto/league/jasnk9akri8eghfgolsn",https://jeffwarr4.github.io/nfl-awards-predictor/assets/logos/ARI.png
93,Ty Johnson,BUF,RB,16.0,69%,0.0,0,0.0,2,3.0,0.0,164,10.2,407,0%,"https://static.www.nfl.com/image/upload/f_auto,q_auto/league/hmnzcfm56ojey6myomjg","https://static.www.nfl.com/image/upload/f_auto,q_auto/league/hmnzcfm56ojey6myomjg",https://jeffwarr4.github.io/nfl-awards-predictor/assets/logos/BUF.png
94,Michael Carter,ARI,RB,12.0,19%,0.0,0,0.0,1,1.0,0.0,315,26.2,561,0%,"https://static.www.nfl.com/image/upload/f_auto,q_auto/league/e1y7zhd7w3xbthodfa3m","https://static.www.nfl.com/image/upload/f_auto,q_auto/league/e1y7zhd7w3xbthodfa3m",https://jeffwarr4.github.io/nfl-awards-predictor/assets/logos/ARI.png
95,Jacoby Brissett,ARI,QB,13.0,19%,3.0,21,93.5,1,22.0,240.2,149,11.5,3272,0%,"https://static.www.nfl.com/image/upload/f_auto,q_auto/league/rdxowm5dvpbb8p3aazbc","https://static.www.nfl.com/image/upload/f_auto,q_auto/league/rdxowm5dvpbb8p3aazbc",https://jeffwarr4.github.io/nfl-awards-predictor/assets/logos/ARI.png
96,Justice Hill,BAL,RB,10.0,50%,0.0,0,0.0,2,3.0,0.0,93,9.3,262,0%,"https://static.www.nfl.com/image/upload/f_auto,q_auto/league/h6p9crhra8ehxju3ubza","https://static.www.nfl.com/image/upload/f_auto,q_auto/league/h6p9crhra8ehxju3ubza",https://jeffwarr4.github.io/nfl-awards-predictor/assets/logos/BAL.png
97,Tyjae Spears,TEN,RB,12.0,19%,0.0,0,0.0,2,2.0,0.0,265,22.1,520,0%,"https://static.www.nfl.com/image/upload/f_auto,q_auto/league/fc7vhbtw80einad9hsfu","https://static.www.nfl.com/image/upload/f_auto,q_auto/league/fc7vhbtw80einad9hsfu",https://jeffwarr4.github.io/nfl-awards-predictor/assets/logos/TEN.png
98,George Holani,SEA,RB,10.0,81%,0.0,0,0.0,1,1.0,0.0,73,7.3,88,0%,"https://static.www.nfl.com/image/upload/f_auto,q_auto/league/nadkmkb2sqgjhbkpirkg","https://static.www.nfl.com/image/upload/f_auto,q_auto/league/nadkmkb2sqgjhbkpirkg",https://jeffwarr4.github.io/nfl-awards-predictor/assets/logos/SEA.png
99,Zavier Scott,MIN,RB,10.0,50%,0.0,0,0.0,0,1.0,0.0,105,10.5,195,0%,"https://static.www.nfl.com/image/upload/f_auto,q_auto/league/tnpgpzojszbfk8fpt0rb","https://static.www.nfl.com/image/upload/f_auto,q_auto/league/tnpgpzojszbfk8fpt0rb",https://jeffwarr4.github.io/nfl-awards-predictor/assets/logos/MIN.png
100,Dylan Sampson,CLE,RB,14.0,25%,0.0,0,0.0,0,2.0,0.0,143,10.2,402,0%,"https://static.www.nfl.com/image/upload/f_auto,q_auto/league/den1hzzomdxfcsgk88o5","https://static.www.nfl.com/image/upload/f_auto,q_auto/league/den1hzzomdxfcsgk88o5",https://jeffwarr4.github.io/nfl-awards-predictor/assets/logos/CLE.png
101,Ray Davis,BUF,RB,16.0,69%,0.0,0,0.0,0,1.0,0.0,124,7.8,187,0%,"https://static.www.nfl.com/image/upload/f_auto,q_auto/league/pm9llppbueodtjjj9u8l","https://static.www.nfl.com/image/upload/f_auto,q_auto/league/pm9llppbueodtjjj9u8l",https://jeffwarr4.github.io/nfl-awards-predictor/assets/logos/BUF.png
102,Adam Prentice,DEN,RB,12.0,81%,0.0,0,0.0,0,0.0,0.0,44,3.7,97,0%,"https://static.www.nfl.com/image/upload/f_auto,q_auto/league/v7eu5mvg4n0cg3cbrjxn","https://static.www.nfl.com/image/upload/f_auto,q_auto/league/v7eu5mvg4n0cg3cbrjxn",https://jeffwarr4.github.io/nfl-awards-predictor/assets/logos/DEN.png
103,Isaiah Davis,NYJ,RB,16.0,19%,0.0,0,0.0,1,1.0,0.0,236,14.8,422,0%,"https://static.www.nfl.com/image/upload/f_auto,q_auto/league/hsozhwgsuffsfrc4qdp2","https://static.www.nfl.com/image/upload/f_auto,q_auto/league/hsozhwgsuffsfrc4qdp2",https://jeffwarr4.github.io/nfl-awards-predictor/assets/logos/NYJ.png
104,Jeremy McNichols,WAS,RB,15.0,25%,0.0,0,0.0,1,1.0,0.0,218,14.5,406,0%,"https://static.www.nfl.com/image/upload/f_auto,q_auto/league/kegqjj5pv7xidm0xwtpy","https://static.www.nfl.com/image/upload/f_auto,q_auto/league/kegqjj5pv7xidm0xwtpy",https://jeffwarr4.github.io/nfl-awards-predictor/assets/logos/WAS.png
105,Kaleb Johnson,PIT,RB,10.0,56%,0.0,0,0.0,0,0.0,0.0,69,6.9,78,0%,"https://static.www.nfl.com/image/upload/f_auto,q_auto/league/sblojderaku4qta1lj2b","https://static.www.nfl.com/image/upload/f_auto,q_auto/league/sblojderaku4qta1lj2b",https://jeffwarr4.github.io/nfl-awards-predictor/assets/logos/PIT.png
106,Hassan Haskins,LAC,RB,10.0,69%,0.0,0,0.0,0,0.0,0.0,44,4.4,57,0%,"https://static.www.nfl.com/image/upload/f_auto,q_auto/league/n9jwsfxyo1xppmhscpik","https://static.www.nfl.com/image/upload/f_auto,q_auto/league/n9jwsfxyo1xppmhscpik",https://jeffwarr4.github.io/nfl-awards-predictor/assets/logos/LAC.png
107,LeQuint Allen Jr.,JAX,RB,16.0,75%,0.0,0,0.0,0,0.0,0.0,94,5.9,148,0%,"https://static.www.nfl.com/image/upload/f_auto,q_auto/league/i0utigksuuvo2njb9wtk","https://static.www.nfl.com/image/upload/f_auto,q_auto/league/i0utigksuuvo2njb9wtk",https://jeffwarr4.github.io/nfl-awards-predictor/assets/logos/JAX.png
108,Hunter Luepke,DAL,RB,13.0,44%,0.0,0,0.0,0,1.0,0.0,59,4.5,164,0%,"https://static.www.nfl.com/image/upload/f_auto,q_auto/league/buachhzmd8p3hq2olwtf","https://static.www.nfl.com/image/upload/f_auto,q_auto/league/buachhzmd8p3hq2olwtf",https://jeffwarr4.github.io/nfl-awards-predictor/assets/logos/DAL.png
109,Dare Ogunbowale,HOU,RB,13.0,69%,0.0,0,0.0,1,1.0,0.0,22,1.7,92,0%,"https://static.www.nfl.com/image/upload/f_auto,q_auto/league/bsm0k0jkytuiej2riudv","https://static.www.nfl.com/image/upload/f_auto,q_auto/league/bsm0k0jkytuiej2riudv",https://jeffwarr4.github.io/nfl-awards-predictor/assets/logos/HOU.png
110,Ameer Abdullah,IND,RB,12.0,50%,0.0,0,0.0,1,1.0,0.0,59,4.9,134,0%,"https://static.www.nfl.com/image/upload/f_auto,q_auto/league/jvkgnlj5fn16mnmdyr4i","https://static.www.nfl.com/image/upload/f_auto,q_auto/league/jvkgnlj5fn16mnmdyr4i",https://jeffwarr4.github.io/nfl-awards-predictor/assets/logos/IND.png
111,Brashard Smith,KC,RB,16.0,38%,0.0,0,0.0,0,1.0,0.0,95,5.9,265,0%,"https://static.www.nfl.com/image/upload/f_auto,q_auto/league/u3t4csj7hhcgymvb8ldf","https://static.www.nfl.com/image/upload/f_auto,q_auto/league/u3t4csj7hhcgymvb8ldf",https://jeffwarr4.github.io/nfl-awards-predictor/assets/logos/KC.png
112,Will Shipley,PHI,RB,13.0,69%,0.0,0,0.0,0,0.0,0.0,47,3.6,92,0%,"https://static.www.nfl.com/image/upload/f_auto,q_auto/league/rdps3spkhbztc2mbd6ty","https://static.www.nfl.com/image/upload/f_auto,q_auto/league/rdps3spkhbztc2mbd6ty",https://jeffwarr4.github.io/nfl-awards-predictor/assets/logos/PHI.png
113,Tyler Badie,DEN,RB,15.0,81%,0.0,0,0.0,0,0.0,0.0,25,1.7,138,0%,"https://static.www.nfl.com/image/upload/f_auto,q_auto/league/ger5eiktec0vzmrxjnaw","https://static.www.nfl.com/image/upload/f_auto,q_auto/league/ger5eiktec0vzmrxjnaw",https://jeffwarr4.github.io/nfl-awards-predictor/assets/logos/DEN.png
114,Rasheen Ali,BAL,RB,14.0,50%,0.0,0,0.0,0,1.0,0.0,24,1.7,92,0%,"https://static.www.nfl.com/image/upload/f_auto,q_auto/league/zwjrkzu3ia3cfrwgotqt","https://static.www.nfl.com/image/upload/f_auto,q_auto/league/zwjrkzu3ia3cfrwgotqt",https://jeffwarr4.github.io/nfl-awards-predictor/assets/logos/BAL.png
115,Tyler Goodson,IND,RB,9.0,50%,0.0,0,0.0,0,0.0,0.0,21,2.3,29,0%,"https://static.www.nfl.com/image/upload/f_auto,q_auto/league/fvuevf0apxtfjwdj7l0e","https://static.www.nfl.com/image/upload/f_auto,q_auto/league/fvuevf0apxtfjwdj7l0e",https://jeffwarr4.github.io/nfl-awards-predictor/assets/logos/IND.png
116,Trevor Etienne,CAR,RB,16.0,50%,0.0,0,0.0,0,0.0,0.0,94,5.9,107,0%,"https://static.www.nfl.com/image/upload/f_auto,q_auto/league/futkvr4juiazofhntj0p","https://static.www.nfl.com/image/upload/f_auto,q_auto/league/futkvr4juiazofhntj0p",https://jeffwarr4.github.io/nfl-awards-predictor/assets/logos/CAR.png
117,Dillon Gabriel,CLE,QB,10.0,25%,3.5,7,80.8,0,7.0,93.7,86,8.6,1023,0%,"https://static.www.nfl.com/image/upload/f_auto,q_auto/league/szpyvusef9jvoctbnkbk","https://static.www.nfl.com/image/upload/f_auto,q_auto/league/szpyvusef9jvoctbnkbk",https://jeffwarr4.github.io/nfl-awards-predictor/assets/logos/CLE.png
118,Jacob Saylors,DET,RB,11.0,50%,0.0,0,0.0,0,0.0,0.0,11,1.0,11,0%,"https://static.www.nfl.com/image/upload/f_auto,q_auto/league/ka2sa8lwtxlij52jimtu","https://static.www.nfl.com/image/upload/f_auto,q_auto/league/ka2sa8lwtxlij52jimtu",https://jeffwarr4.github.io/nfl-awards-predictor/assets/logos/DET.png
119,Raheem Mostert,LV,RB,12.0,12%,0.0,0,0.0,0,0.0,0.0,104,8.7,174,0%,"https://static.www.nfl.com/image/upload/f_auto,q_auto/league/fas5rkweusx2hl7abtzh","https://static.www.nfl.com/image/upload/f_auto,q_auto/league/fas5rkweusx2hl7abtzh",https://jeffwarr4.github.io/nfl-awards-predictor/assets/logos/LV.png
120,Chris Brooks,GB,RB,16.0,56%,0.0,0,0.0,0,0.0,0.0,45,2.8,136,0%,"https://static.www.nfl.com/image/upload/f_auto,q_auto/league/nnwloijqopel4em6vfhb","https://static.www.nfl.com/image/upload/f_auto,q_auto/league/nnwloijqopel4em6vfhb",https://jeffwarr4.github.io/nfl-awards-predictor/assets/logos/GB.png
121,Tahj Brooks,CIN,RB,12.0,38%,0.0,0,0.0,0,0.0,0.0,45,3.8,54,0%,"https://static.www.nfl.com/image/upload/f_auto,q_auto/league/wi7smnfts8t04wnd0n3p","https://static.www.nfl.com/image/upload/f_auto,q_auto/league/wi7smnfts8t04wnd0n3p",https://jeffwarr4.github.io/nfl-awards-predictor/assets/logos/CIN.png
122,Andrew Beck,NYJ,RB,10.0,19%,0.0,0,0.0,0,1.0,0.0,5,0.5,48,0%,"https://static.www.nfl.com/image/upload/f_auto,q_auto/league/cgfleml3vlakevf285n3","https://static.www.nfl.com/image/upload/f_auto,q_auto/league/cgfleml3vlakevf285n3",https://jeffwarr4.github.io/nfl-awards-predictor/assets/logos/NYJ.png
123,Jerome Ford,CLE,RB,13.0,25%,0.0,0,0.0,0,0.0,0.0,73,5.6,176,0%,"https://static.www.nfl.com/image/private/f_auto,q_auto/league/djggmwo5v8osoboiseo2","https://static.www.nfl.com/image/private/f_auto,q_auto/league/djggmwo5v8osoboiseo2",https://jeffwarr4.github.io/nfl-awards-predictor/assets/logos/CLE.png
124,Kene Nwangwu,NYJ,RB,9.0,19%,0.0,0,0.0,0,0.0,0.0,31,3.4,31,0%,"https://static.www.nfl.com/image/upload/f_auto,q_auto/league/rlnqgz517fsohrndgjrb","https://static.www.nfl.com/image/upload/f_auto,q_auto/league/rlnqgz517fsohrndgjrb",https://jeffwarr4.github.io/nfl-awards-predictor/assets/logos/NYJ.png
125,Julius Chestnut,TEN,RB,15.0,19%,0.0,0,0.0,0,0.0,0.0,40,2.7,40,0%,"https://static.www.nfl.com/image/upload/f_auto,q_auto/league/glst6wabuuvbrssmidng","https://static.www.nfl.com/image/upload/f_auto,q_auto/league/glst6wabuuvbrssmidng",https://jeffwarr4.github.io/nfl-awards-predictor/assets/logos/TEN.png
126,Dylan Laube,LV,RB,16.0,12%,0.0,0,0.0,0,0.0,0.0,9,0.6,27,0%,"https://static.www.nfl.com/image/upload/f_auto,q_auto/league/lpizdza73bgksstymv5t","https://static.www.nfl.com/image/upload/f_auto,q_auto/league/lpizdza73bgksstymv5t",https://jeffwarr4.github.io/nfl-awards-predictor/assets/logos/LV.png
127,Geno Smith,LV,QB,15.0,12%,1.12,19,84.7,0,19.0,201.7,109,7.3,3134,0%,"https://static.www.nfl.com/image/upload/f_auto,q_auto/league/tqy0933vz5yogwlefb1s","https://static.www.nfl.com/image/upload/f_auto,q_auto/league/tqy0933vz5yogwlefb1s",https://jeffwarr4.github.io/nfl-awards-predictor/assets/logos/LV.png
128,Cam Ward,TEN,QB,16.0,19%,2.14,15,79.8,1,16.0,194.8,148,9.2,3265,0%,"https://static.www.nfl.com/image/upload/f_auto,q_auto/league/viadutkbvligsopnd2qn","https://static.www.nfl.com/image/upload/f_auto,q_auto/league/viadutkbvligsopnd2qn",https://jeffwarr4.github.io/nfl-awards-predictor/assets/logos/TEN.png
